domain,source,publisher,url,endpoint,access,license,tier,cadence,granularity,format,key_required,attribution,verified_date,next_check,coverage,sample_note,status,pages_served,notes
nhanes-adult-weight-trends,"NCHS Health E-Stat 111: overweight, obesity and severe obesity among adults, 1960-1962 through Aug 2021-Aug 2023",CDC National Center for Health Statistics,https://www.cdc.gov/nchs/data/hestat/hestat111.htm,,page,Public domain (US federal work),A,per NHANES cycle (~2 years),"national; by sex, age group, race and Hispanic origin",HTML tables,no,"Source: CDC National Center for Health Statistics, Health E-Stat 111 (NHANES)",2026-09-30,2027-03-31,adults 20-74 1960-1962 to Aug 2021-Aug 2023; adults 20+ 1988-1994 onward,"20+ age-adj 2021-23: obesity 40.3 (SE 1.9), overweight 31.7, severe 9.7; crude 40.3/32.1/9.4; 20-74: 13.4 (1960-62) -> 40.8",verified,us-obesity-statistics,Supersedes the 2017-2018 edition. Table 3 dagger = see Ogden et al. 2025; asterisk = unreliable (suppress).
nhanes-adult-obesity-2021-2023,"NCHS Data Brief 508: obesity and severe obesity prevalence in adults, Aug 2021-Aug 2023",CDC National Center for Health Statistics,https://www.cdc.gov/nchs/products/databriefs/db508.htm,,page,Public domain (US federal work),A,per NHANES cycle,"national; by sex, age, education; 10-year trend",HTML + data tables,no,"Source: CDC National Center for Health Statistics, NCHS Data Brief No. 508",2026-09-30,2027-03-31,Aug 2021-Aug 2023; trend 2013-2014 onward,"crude 40.3 (men 39.2, women 41.3 n.s.); 40-59 46.4; severe 9.4 (men 6.7, women 12.1); HP2030 target 36.0",verified,us-obesity-statistics,Contains NO overweight figure - sitewide '31.7% overweight (DB 508)' citations are misattributed; the 31.7 comes from HE-Stat 111.
nhanes-child-weight-trends,"NCHS Health E-Stat 112: overweight, obesity and severe obesity among children and adolescents 2-19, 1963-1965 through Aug 2021-Aug 2023",CDC National Center for Health Statistics,https://www.cdc.gov/nchs/data/hestat/hestat112.htm,,page,Public domain (US federal work),A,per NHANES cycle,"national; by sex, age group, race and Hispanic origin",HTML tables,no,"Source: CDC National Center for Health Statistics, Health E-Stat 112 (NHANES)",2026-09-30,2027-03-31,1963-1965 to Aug 2021-Aug 2023,"2-19: obesity 21.1, severe 7.0, overweight 15.1; boys 23.0, girls 19.1; 1971-74 obesity 5.2",verified,us-obesity-statistics;childhood-obesity-statistics,Child cutoffs: overweight >=85th to <95th pct; obesity >=95th; severe >=120% of 95th (2000 CDC growth charts).
nhanes-underweight,"NCHS Health E-Stat 119: underweight among children, adolescents and adults, 1960-1962 through Aug 2021-Aug 2023",CDC National Center for Health Statistics,https://www.cdc.gov/nchs/data/hestat/hestat119.htm,,page,Public domain (US federal work),A,per NHANES cycle,"national; by sex, age",HTML tables,no,"Source: CDC National Center for Health Statistics, Health E-Stat 119 (NHANES)",2026-09-30,2027-03-31,1960-1962 to Aug 2021-Aug 2023,"adults 20+ 1.6 (crude and age-adj; men 1.1, women 2.0); 20-74 age-adj 4.0 (1960-62) -> 1.7; kids 4.4",verified,us-obesity-statistics;childhood-obesity-statistics,Exam response rate 2021-23 = 25.6%.
nhanes-anthropometric-reference,"NCHS Vital and Health Statistics Series 3 No. 50: anthropometric reference data, Aug 2021-Aug 2023",CDC National Center for Health Statistics,https://www.cdc.gov/nchs/data/series/sr_03/sr03-050.pdf,,page,Public domain (US federal work),A,per NHANES cycle,"national; by sex and age group; means, SEs, percentiles",PDF tables,no,"Source: CDC National Center for Health Statistics, Vital and Health Statistics Series 3, No. 50",2026-09-30,2027-03-31,"Aug 2021-Aug 2023, ages 2+","BMI 20+: mean men 29.4, women 30.0; median 28.2/28.3; weight mean 199.0/171.8 lb; 95th pct 290.6 lb (131.8 kg) / 262.7 lb (119.2 kg); height 68.9/63.5 in",verified,us-obesity-statistics,PDF text extraction drops decimal points - read '294 03' as 29.4 (0.3). NCBI Bookshelf copy is reCAPTCHA-blocked; use the cdc.gov PDF. Data ready for /average-weight/.
nhanes-population-totals,NHANES population totals for Aug 2021-Aug 2023 (ACS 2021 control totals),CDC National Center for Health Statistics,https://wwwn.cdc.gov/nchs/data/ResponseRates/ACS-Population-Totals-For-August-2021-August-2023.pdf,,page,Public domain (US federal work),A,per NHANES cycle,national; by sex and age group,PDF table,no,"Source: CDC NCHS, NHANES population totals (ACS 2021)",2026-09-30,2027-03-31,"civilian non-institutionalized US population, Aug 2021-Aug 2023","total 327,013,551; adults 20+ 245,061,169; children 2-19 74,908,988 (calculated from age rows)",verified,us-obesity-statistics;childhood-obesity-statistics,Denominators for calculated counts; counts are approximate (prevalence excludes pregnant women).
gallup-self-reported-obesity,"Gallup National Health and Well-Being Index: Obesity Rate Declining in U.S. (Oct 28, 2025)",Gallup,https://news.gallup.com/poll/696599/obesity-rate-declining.aspx,,page,(c) Gallup - cite figures with attribution only; do not redistribute the series,B,annual,national adults 18+; self-reported web panel,HTML,no,Source: Gallup National Health and Well-Being Index (self-reported),2026-09-30,2026-12-31,2008-2025,obesity 39.9% (2022) -> 37.0% (2025); self-reported height/weight; Gallup notes self-reports run lower than measured,verified,us-obesity-statistics,EXCLUDED: 2026 update (poll/712157) self-contradicts (36.8% text vs 36.4% table after Sept 8 reweight) - do not cite until corrected.
cdc-adult-bmi-categories,CDC Adult BMI Categories,CDC,https://www.cdc.gov/bmi/adult-calculator/bmi-categories.html,,page,Public domain (US federal work),A,ad hoc,definitions,HTML,no,"Source: CDC, Adult BMI Categories",2026-09-30,2027-09-30,adult BMI category definitions incl. obesity classes 1-3,obesity class 3 = BMI 40 or higher,verified,us-obesity-statistics,Verified in the calculatemybmi handoff; used for the class-3 naming only.
cdc-brfss-state-obesity,"CDC Adult Obesity Prevalence Maps (BRFSS, self-reported), 2011-2025 state tables + 2025 by age",CDC,https://www.cdc.gov/obesity/data-and-statistics/adult-obesity-prevalence-maps.html,https://www.cdc.gov/obesity/media/pdfs/2026/09/2011-2025_overall-obesity-prevalence-maps-508.pdf ; https://www.cdc.gov/obesity/media/files/2026/09/2_2025-Obesity-by-state.csv ; .../3_2025-obesity-by-state-and-aged-18-39.csv ; .../4_2025-obesity-aged-40-59.csv ; .../5_2025-obesity-aged-60.csv,bulk,Public domain (US federal work),A,annual,state; 2025 also by age group,CSV (2025) + PDF tables (2011-2025),no,"Source: CDC, Adult Obesity Prevalence Maps (BRFSS) — retrieved Oct 2026",2026-10-02,2027-09-30,"2025: 47 states + DC + Guam + Puerto Rico (California, Mississippi, Nevada, Virgin Islands insufficient data). 2011-2025 annual series; other gaps: NJ 2019, FL 2021, KY and PA 2023, TN 2024; Virgin Islands only 2016 and 2021-2024","801 state-year rows (prevalence + 95% CI) parsed from the 2011-2025 PDF tables; 2025 PDF identical to CDC CSV for all 54 rows; band counts reproduce CDC's own 2025 summary (7 / 19 / 21 states; none >=40%) and press-release counts (22 states >=35% in 2022, 23 in 2023); 2025 age CSVs 162 rows",verified,obesity-rate-by-state,Self-reported height/weight (runs lower than measured NHANES). CDC: estimates not comparable with pre-2011 data. Page update due when CDC publishes 2026 maps (~Sep 2027).
who-gho-obesity,"WHO Global Health Observatory: obesity among adults, BMI >= 30 (NCD-RisC estimates)",World Health Organization,https://www.who.int/data/gho/data/themes/topics/indicator-groups/indicator-group-details/GHO/bmi-among-adults,,api,WHO terms - check before build,A,annual,country; age-standardized and crude; by sex,GHO OData API / CSV,no,Source: WHO Global Health Observatory (NCD-RisC),,2026-11-30,,,candidate,,"Candidate primary for a proposed /obesity-rate-by-country/ (global cluster ~10k/mo parked as discards). Modeled estimates (Lancet 2024 NCD-RisC), not directly comparable with NHANES."
nhanes-2021-2023-exam-files,"NHANES August 2021-August 2023 public-use files: DEMO_L (demographics, sample weights, design) + BMX_L (measured body measures)",CDC National Center for Health Statistics,https://wwwn.cdc.gov/Nchs/Data/Nhanes/Public/2021/DataFiles/BMX_L.htm,https://wwwn.cdc.gov/Nchs/Data/Nhanes/Public/2021/DataFiles/DEMO_L.xpt ; https://wwwn.cdc.gov/Nchs/Data/Nhanes/Public/2021/DataFiles/BMX_L.xpt,bulk,Public domain (US federal work),A,2-year cycle,individual exam records (weighted),SAS XPT,no,Source: our calculation from CDC NHANES August 2021-August 2023 exam data,2026-10-03,2027-12-31,"DEMO_L 11,933 participants; BMX_L 8,860; adults 20+ with measured weight: 2,688 men, 3,254 non-pregnant women","Weighted means reproduce NCHS Series 3 No. 50 exactly (men 199.0 lb, women 171.8 lb; height 68.9 / 63.5 in; BMI 29.4 / 30.0); 95th percentile weight 290.6 lb men (exact), 262.8 vs 262.7 lb women (percentile method)",verified,average-weight,"Cells with n<30 suppressed; SE by Taylor linearisation (SDMVSTRA, SDMVPSU); raw files kept in research/average-weight/raw for reruns"
