state,age_group,prevalence_pct,ci95_low,ci95_high,status
Alabama,18-39,38.1,34.4,42.0,ok
Alabama,40-59,46.2,42.6,49.8,ok
Alabama,60+,35.4,32.6,38.2,ok
Alaska,18-39,29.9,26.5,33.4,ok
Alaska,40-59,37.9,34.7,41.3,ok
Alaska,60+,31.7,29.0,34.5,ok
Arizona,18-39,29.6,25.6,33.9,ok
Arizona,40-59,36.6,32.5,41.0,ok
Arizona,60+,31.3,28.5,34.2,ok
Arkansas,18-39,32.8,29.4,36.5,ok
Arkansas,40-59,44.3,40.9,47.7,ok
Arkansas,60+,34.2,32.0,36.5,ok
California,18-39,,,,insufficient
California,40-59,,,,insufficient
California,60+,,,,insufficient
Colorado,18-39,21.1,19.3,22.9,ok
Colorado,40-59,29.5,27.5,31.5,ok
Colorado,60+,27.4,25.7,29.2,ok
Connecticut,18-39,27.8,25.2,30.6,ok
Connecticut,40-59,34.9,32.3,37.6,ok
Connecticut,60+,28.9,26.8,31.2,ok
Delaware,18-39,33.4,28.8,38.3,ok
Delaware,40-59,42.9,38.9,47.1,ok
Delaware,60+,33.6,31.1,36.3,ok
District of Columbia,18-39,17.7,14.6,21.3,ok
District of Columbia,40-59,31.1,26.7,35.9,ok
District of Columbia,60+,27.8,24.2,31.7,ok
Florida,18-39,24.6,21.8,27.6,ok
Florida,40-59,38.3,35.0,41.7,ok
Florida,60+,27.8,25.8,30.0,ok
Georgia,18-39,30.2,27.3,33.3,ok
Georgia,40-59,44.4,41.2,47.7,ok
Georgia,60+,34.6,32.0,37.2,ok
Guam,18-39,35.7,28.5,43.5,ok
Guam,40-59,39.0,30.1,48.6,ok
Guam,60+,45.8,23.0,70.5,ok
Hawaii,18-39,28.9,26.2,31.8,ok
Hawaii,40-59,29.9,27.2,32.6,ok
Hawaii,60+,21.2,19.4,23.0,ok
Idaho,18-39,30.5,27.0,34.3,ok
Idaho,40-59,36.8,33.0,40.8,ok
Idaho,60+,30.8,27.7,34.0,ok
Illinois,18-39,28.2,26.2,30.2,ok
Illinois,40-59,39.4,37.3,41.5,ok
Illinois,60+,34.0,32.2,35.9,ok
Indiana,18-39,32.9,29.7,36.4,ok
Indiana,40-59,47.3,44.1,50.6,ok
Indiana,60+,33.4,31.2,35.8,ok
Iowa,18-39,30.4,28.2,32.8,ok
Iowa,40-59,44.6,42.3,46.9,ok
Iowa,60+,37.0,35.1,38.8,ok
Kansas,18-39,34.1,31.8,36.5,ok
Kansas,40-59,43.2,40.7,45.7,ok
Kansas,60+,35.5,33.7,37.4,ok
Kentucky,18-39,35.3,32.1,38.6,ok
Kentucky,40-59,46.0,42.9,49.1,ok
Kentucky,60+,36.0,33.6,38.4,ok
Louisiana,18-39,30.0,26.9,33.4,ok
Louisiana,40-59,43.4,40.2,46.6,ok
Louisiana,60+,34.4,32.0,36.8,ok
Maine,18-39,29.2,26.6,32.0,ok
Maine,40-59,38.1,35.9,40.4,ok
Maine,60+,32.0,30.5,33.6,ok
Maryland,18-39,30.2,27.8,32.8,ok
Maryland,40-59,38.4,36.2,40.6,ok
Maryland,60+,30.9,29.3,32.5,ok
Massachusetts,18-39,23.2,21.1,25.4,ok
Massachusetts,40-59,32.3,30.0,34.7,ok
Massachusetts,60+,26.6,24.8,28.4,ok
Michigan,18-39,30.6,28.1,33.2,ok
Michigan,40-59,41.0,38.6,43.5,ok
Michigan,60+,34.7,33.0,36.4,ok
Minnesota,18-39,28.8,26.8,30.9,ok
Minnesota,40-59,38.5,36.7,40.4,ok
Minnesota,60+,32.5,31.1,33.9,ok
Mississippi,18-39,,,,insufficient
Mississippi,40-59,,,,insufficient
Mississippi,60+,,,,insufficient
Missouri,18-39,33.4,30.4,36.5,ok
Missouri,40-59,42.6,39.2,46.0,ok
Missouri,60+,34.7,32.1,37.4,ok
Montana,18-39,22.8,20.2,25.6,ok
Montana,40-59,37.0,34.1,40.0,ok
Montana,60+,31.9,29.9,34.1,ok
Nebraska,18-39,29.3,26.6,32.3,ok
Nebraska,40-59,43.3,40.2,46.4,ok
Nebraska,60+,37.1,34.7,39.6,ok
Nevada,18-39,,,,insufficient
Nevada,40-59,,,,insufficient
Nevada,60+,,,,insufficient
New Hampshire,18-39,27.3,23.1,32.1,ok
New Hampshire,40-59,38.9,35.2,42.7,ok
New Hampshire,60+,29.4,27.4,31.4,ok
New Jersey,18-39,23.7,20.9,26.7,ok
New Jersey,40-59,31.7,28.7,34.7,ok
New Jersey,60+,26.0,23.5,28.6,ok
New Mexico,18-39,37.3,32.7,42.1,ok
New Mexico,40-59,40.3,36.2,44.5,ok
New Mexico,60+,28.6,25.5,32.0,ok
New York,18-39,24.5,23.0,26.2,ok
New York,40-59,33.8,31.9,35.7,ok
New York,60+,28.1,26.5,29.8,ok
North Carolina,18-39,27.8,24.4,31.5,ok
North Carolina,40-59,40.9,37.2,44.7,ok
North Carolina,60+,33.1,30.1,36.1,ok
North Dakota,18-39,35.6,32.4,39.0,ok
North Dakota,40-59,47.6,44.5,50.8,ok
North Dakota,60+,35.5,33.3,37.7,ok
Ohio,18-39,32.1,29.2,35.2,ok
Ohio,40-59,41.4,38.5,44.3,ok
Ohio,60+,35.1,33.1,37.2,ok
Oklahoma,18-39,36.7,33.3,40.2,ok
Oklahoma,40-59,41.5,38.4,44.8,ok
Oklahoma,60+,36.2,33.6,38.8,ok
Oregon,18-39,30.7,27.7,33.9,ok
Oregon,40-59,36.1,33.2,39.1,ok
Oregon,60+,31.5,29.2,34.0,ok
Pennsylvania,18-39,27.8,23.5,32.5,ok
Pennsylvania,40-59,40.8,36.4,45.2,ok
Pennsylvania,60+,32.9,29.3,36.7,ok
Puerto Rico,18-39,32.1,28.0,36.4,ok
Puerto Rico,40-59,45.7,41.9,49.5,ok
Puerto Rico,60+,31.0,25.7,36.7,ok
Rhode Island,18-39,28.7,25.5,32.1,ok
Rhode Island,40-59,33.4,30.4,36.5,ok
Rhode Island,60+,32.1,29.7,34.7,ok
South Carolina,18-39,29.6,24.1,35.8,ok
South Carolina,40-59,46.9,41.5,52.4,ok
South Carolina,60+,34.2,30.6,38.0,ok
South Dakota,18-39,26.0,21.5,31.0,ok
South Dakota,40-59,43.9,38.9,49.1,ok
South Dakota,60+,35.0,31.6,38.5,ok
Tennessee,18-39,35.6,32.5,38.7,ok
Tennessee,40-59,46.0,42.7,49.4,ok
Tennessee,60+,32.7,30.1,35.5,ok
Texas,18-39,32.2,29.3,35.2,ok
Texas,40-59,43.6,40.1,47.2,ok
Texas,60+,33.0,30.1,36.2,ok
Utah,18-39,25.2,23.4,27.2,ok
Utah,40-59,36.4,34.3,38.5,ok
Utah,60+,29.2,27.4,31.1,ok
Vermont,18-39,24.4,21.4,27.7,ok
Vermont,40-59,35.5,32.8,38.3,ok
Vermont,60+,28.2,26.2,30.3,ok
Virgin Islands,18-39,,,,insufficient
Virgin Islands,40-59,,,,insufficient
Virgin Islands,60+,,,,insufficient
Virginia,18-39,29.8,26.2,33.5,ok
Virginia,40-59,40.1,36.4,44.0,ok
Virginia,60+,33.7,30.6,36.9,ok
Washington,18-39,27.4,25.9,29.0,ok
Washington,40-59,36.2,34.6,37.8,ok
Washington,60+,30.0,28.7,31.4,ok
West Virginia,18-39,32.3,28.7,36.0,ok
West Virginia,40-59,45.3,41.9,48.7,ok
West Virginia,60+,36.0,33.7,38.3,ok
Wisconsin,18-39,31.3,28.7,34.0,ok
Wisconsin,40-59,42.9,40.5,45.3,ok
Wisconsin,60+,36.3,34.7,38.0,ok
Wyoming,18-39,29.9,26.2,33.8,ok
Wyoming,40-59,36.8,33.5,40.3,ok
Wyoming,60+,31.6,29.5,33.8,ok
