url,domain,uses,pages,tier,verification,action,replacement,note,example_context
https://www.who.int/news-room/fact-sheets/detail/obesity-and-overweight,who.int,48,17,A,not claim-verified,"keep ONLY on WHO adult definitions (overweight >=25, obesity >=30); re-point category-table claims",https://www.cdc.gov/bmi/adult-calculator/bmi-categories.html,Fact sheet does not contain the full classification table or thinness grades,"Source: World Health Organization — Obesity and Overweight Fact Sheet . BMI categories for women and men use the same ranges, though health risks at each level may differ by sex."
https://pubmed.ncbi.nlm.nih.gov/24452240/,pubmed.ncbi.nlm.nih.gov,23,9,A,verified 2026-09-26 (abstract),keep,,"Describe as a meta-analysis of 32 cohort studies (197,940 adults 65+), NOT individual-patient-data","For most adults, a healthy BMI falls between 18.5 and 24.9 . This range is associated with the lowest risk of weight-related health conditions. Below 18.5 is classified as underweight, 25-29.9 is over"
https://www.health.harvard.edu/blog/how-useful-is-the-body-mass-index-bmi-201603309339,health.harvard.edu,19,11,B/C secondary,-,remove link + attribution; claim -> CLAIMS RULE,,"Explainer/industry page, not a primary source","Obesity is associated with a higher risk and severity of numerous health conditions, with associations that become more pronounced across Class I (BMI 30-34.9), Class II (BMI 35-39.9), and Class III ("
https://www.nhlbi.nih.gov/health/overweight-and-obesity,nhlbi.nih.gov,16,10,A,not claim-verified,keep (spot-check claim later),,Government agency or primary study,WHO obesity fact sheet CDC adult BMI CDC growth charts (pediatric) NHLBI overweight and obesity NHLBI BMI calculator Harvard Health on BMI Mayo Clinic obesity NHS BMI calculator Flegal 2013 (JAMA / PM
https://www.cdc.gov/bmi/about/index.html,cdc.gov,15,11,A,not claim-verified,keep (spot-check claim later),,Government agency or primary study,CDC — About BMI for Adults
https://www.cdc.gov/bmi/adult-calculator/bmi-categories.html,cdc.gov,14,6,A,verified 2026-09-26,keep,,,Adult BMI category cut-offs do not change with age. The CDC adult BMI categories apply from age 20 upward; the WHO uses the same boundaries. Children and teenagers (ages 2–19) are classified using age
https://www.mayoclinic.org/diseases-conditions/obesity/symptoms-causes/syc-20375742,mayoclinic.org,9,8,B/C secondary,-,remove link + attribution; claim -> CLAIMS RULE,,"Explainer/industry page, not a primary source","Obesity is associated with a higher risk and severity of numerous health conditions, with associations that become more pronounced across Class I (BMI 30-34.9), Class II (BMI 35-39.9), and Class III ("
https://pmc.ncbi.nlm.nih.gov/articles/PMC4855514/,pmc.ncbi.nlm.nih.gov,9,4,A,not claim-verified,keep (spot-check claim later),,Government agency or primary study,WHO obesity fact sheet CDC adult BMI CDC growth charts (pediatric) NHLBI overweight and obesity NHLBI BMI calculator Harvard Health on BMI Mayo Clinic obesity NHS BMI calculator Flegal 2013 (JAMA / PM
https://www.nhs.uk/live-well/healthy-weight/bmi-calculator/,nhs.uk,8,6,B/C secondary,-,remove link + attribution; claim -> CLAIMS RULE,,"Explainer/industry page, not a primary source",WHO obesity fact sheet CDC adult BMI CDC growth charts (pediatric) NHLBI overweight and obesity NHLBI BMI calculator Harvard Health on BMI Mayo Clinic obesity NHS BMI calculator Flegal 2013 (JAMA / PM
https://www.nhlbi.nih.gov/calculate-your-bmi,nhlbi.nih.gov,7,5,A,not claim-verified,keep (spot-check claim later),,Government agency or primary study,NHLBI — Calculate Your BMI
https://www.cdc.gov/bmi/,cdc.gov,7,7,A,not claim-verified,keep (spot-check claim later),,Government agency or primary study,"National Institute on Aging Comprehensive guide to maintaining a healthy weight as you age, including nutrition advice and exercise recommendations from the NIH. World Health Organization (WHO) Global"
https://www.cdc.gov/nchs/products/databriefs/db508.htm,cdc.gov,6,4,A,verified 2026-09-25,keep,,,"Obesity and severe obesity: Emmerich SD et al., NCHS Data Brief No. 508 (September 2024) , NHANES August 2021–August 2023, adults 20+. Overweight: Fryar CD, Afful J, Saif NT. NCHS Health E-Stat 111 (F"
https://www.cdc.gov/growthcharts/,cdc.gov,6,2,A,page verified 2026-09-26,keep; for category claims use CDC child-teen categories,https://www.cdc.gov/bmi/child-teen-calculator/bmi-categories.html,,WHO obesity fact sheet CDC adult BMI CDC growth charts (pediatric) NHLBI overweight and obesity NHLBI BMI calculator Harvard Health on BMI Mayo Clinic obesity NHS BMI calculator Flegal 2013 (JAMA / PM
https://www.acefitness.org/resources/everyone/tools-calculators/percent-body-fat-calculator/,acefitness.org,6,3,B/C secondary,-,remove link + attribution; claim -> CLAIMS RULE,,"Explainer/industry page, not a primary source",Body fat percentage is the proportion of your total weight that is fat tissue. The American Council on Exercise (ACE) provides widely-used body fat classification ranges that differ significantly betw
https://www.acog.org/womens-health/faqs/obesity-and-pregnancy,acog.org,6,1,B professional body,not verified,keep for pregnancy-gain ranges (candidate: upgrade to IOM 2009 guideline),,,"A woman's relationship with BMI changes throughout her life. Hormonal shifts, pregnancy, and aging all influence body composition in ways a single number cannot capture. Here is what to expect at each"
https://my.clevelandclinic.org/health/articles/9464-body-mass-index-bmi,my.clevelandclinic.org,4,4,B/C secondary,-,remove link + attribution; claim -> CLAIMS RULE,,"Explainer/industry page, not a primary source","For a more comprehensive perspective on how BMI connects to disease risk, see the Cleveland Clinic's BMI overview and our in-depth BMI calculator guide ."
https://people.maths.ox.ac.uk/trefethen/bmi.html,people.maths.ox.ac.uk,4,1,A,not claim-verified,keep (spot-check claim later),,Government agency or primary study,"The Body Mass Index was first devised by Belgian mathematician Adolphe Quetelet in the 1830s. For nearly two centuries, the formula has remained unchanged: divide weight by the square of height. In 20"
https://www.cdc.gov/nchs/data/hestat/hestat111.htm,cdc.gov,3,3,A,verified 2026-09-26 (key figures),keep,,,"Obesity and severe obesity: Emmerich SD et al., NCHS Data Brief No. 508 (September 2024) , NHANES August 2021–August 2023, adults 20+. Overweight: Fryar CD, Afful J, Saif NT. NCHS Health E-Stat 111 (F"
https://www.nia.nih.gov/health/maintaining-healthy-weight,nia.nih.gov,3,1,A,not claim-verified,keep (spot-check claim later),,Government agency or primary study,"For a comprehensive resource on healthy aging and weight, visit the National Institute on Aging's guide to maintaining a healthy weight ."
https://www.niddk.nih.gov/health-information/weight-management,niddk.nih.gov,3,2,A,not claim-verified,keep (spot-check claim later),,Government agency or primary study,Metabolism refers to all the chemical processes that occur within your body to maintain life. These processes convert the food you eat into energy that powers everything from breathing and circulation
https://pubmed.ncbi.nlm.nih.gov/21872751/,pubmed.ncbi.nlm.nih.gov,3,1,A,not claim-verified,keep (spot-check claim later),,Government agency or primary study,"The 3,500 kcal rule is a rough approximation: traditionally ""1 lb of fat = ~3,500 kcal"", but dynamic models ( Hall 2011 ; NIH Body Weight Planner) show it overestimates long-term loss."
https://www.cdc.gov/obesity/php/about/childhood-obesity-facts.html,cdc.gov,3,1,A,not claim-verified,keep (spot-check claim later),,Government agency or primary study,"According to CDC data on childhood obesity , the prevalence of obesity among children and adolescents in the United States has more than tripled since the 1970s. Key statistics include:"
https://raptive.com/creator-advertising-privacy-statement/,raptive.com,3,2,structural/resource,-,keep (not a citation),,,"CMI Marketing, Inc., d/b/a Raptive (“Raptive”) is a service provider of this Site for the purposes of placing advertising on the Site, and Raptive will collect and use certain data for advertising pur"
https://www.mayoclinic.org/healthy-lifestyle/healthy-aging/in-depth/aging/art-20046070,mayoclinic.org,2,1,B/C secondary,-,remove link + attribution; claim -> CLAIMS RULE,,"Explainer/industry page, not a primary source",The Mayo Clinic's healthy aging guide covers this life stage in more depth.
https://www.cdc.gov/obesity/php/data-research/adult-obesity-facts.html,cdc.gov,2,2,A,not claim-verified,keep (spot-check claim later),,Government agency or primary study,"For the specific-condition detail (mechanisms, thresholds, and the primary studies behind each association), see the WHO obesity and overweight fact sheet and the CDC adult obesity facts page . Our ow"
https://www.mayoclinic.org/,mayoclinic.org,2,2,-,-,remove (bare homepage link),,"Attribution must be a deep link, never a homepage","National Institute on Aging Comprehensive guide to maintaining a healthy weight as you age, including nutrition advice and exercise recommendations from the NIH. World Health Organization (WHO) Global"
https://www.niddk.nih.gov/health-information/liver-disease/nafld-nash,niddk.nih.gov,2,2,A,not claim-verified,keep (spot-check claim later),,Government agency or primary study,"NAFLD encompasses a spectrum from simple fatty liver (steatosis) through non-alcoholic steatohepatitis (NASH) to cirrhosis and, in a subset of patients, hepatocellular carcinoma. A minority of NAFLD c"
https://www.nhlbi.nih.gov/health/metabolic-syndrome,nhlbi.nih.gov,2,2,A,not claim-verified,keep (spot-check claim later),,Government agency or primary study,"Metabolic syndrome is the shorthand name clinicians use for a cluster of cardiometabolic risk factors that tends to occur together at higher BMI: central adiposity (larger waist), higher triglycerides"
https://my.clevelandclinic.org/health/diseases/21989-class-iii-obesity-formerly-known-as-morbid-obesity,my.clevelandclinic.org,2,1,B/C secondary,-,remove link + attribution; claim -> CLAIMS RULE,,"Explainer/industry page, not a primary source","Class III obesity, sometimes called severe or morbid obesity, represents the highest-risk BMI category. According to Cleveland Clinic , it is associated with the most significant health consequences a"
https://en.wikipedia.org/wiki/Adolphe_Quetelet,en.wikipedia.org,2,1,B/C secondary,-,remove link + attribution; claim -> CLAIMS RULE,,"Explainer/industry page, not a primary source","The story of BMI begins not in medicine, but in mathematics and astronomy. Lambert Adolphe Jacques Quetelet (1796-1874) was a Belgian polymath who made groundbreaking contributions to statistics, astr"
https://www.nimh.nih.gov/health/publications/eating-disorders,nimh.nih.gov,2,1,structural/resource,-,keep (not a citation),,,Eating disorders are serious mental-health conditions that significantly impact weight and overall health. The National Institute of Mental Health — Eating Disorders is the primary US federal resource
https://allianceforeatingdisorders.com/,allianceforeatingdisorders.com,2,1,structural/resource,-,keep (not a citation),,,Eating disorders are serious mental-health conditions that significantly impact weight and overall health. The National Institute of Mental Health — Eating Disorders is the primary US federal resource
https://www.acsm.org/,acsm.org,2,2,-,-,remove (bare homepage link),,"Attribution must be a deep link, never a homepage","American College of Sports Medicine -- guidelines on fitness, body composition, and healthy weight from exercise scientists"
https://www.who.int/tools/child-growth-standards,who.int,2,1,A,not claim-verified,keep (spot-check claim later),,Government agency or primary study,"The CDC publishes several types of growth charts. BMI-for-age charts are used for children aged 2-19. For children under 2, the World Health Organization (WHO) growth standards are preferred, which us"
https://www.mayoclinic.org/diseases-conditions/childhood-obesity/symptoms-causes/syc-20354827,mayoclinic.org,2,1,B/C secondary,-,remove link + attribution; claim -> CLAIMS RULE,,"Explainer/industry page, not a primary source","For comprehensive evidence-based resources, visit the Mayo Clinic's childhood obesity page and the CDC childhood obesity facts page . For general information on BMI categories and health risks, see ou"
https://www.niddk.nih.gov/health-information/weight-management/body-weight-planner,niddk.nih.gov,2,1,A,not claim-verified,keep (spot-check claim later),,Government agency or primary study,Many medications are dosed based on lean body mass rather than total body weight. This is because fat tissue has different blood flow and drug absorption characteristics than lean tissue. Anesthetic a
https://www.mayoclinic.org/healthy-lifestyle/fitness/expert-answers/body-fat/faq-20058497,mayoclinic.org,2,1,B/C secondary,-,remove link + attribution; claim -> CLAIMS RULE,,"Explainer/industry page, not a primary source","While formula-based calculators like this one provide convenient estimates, several clinical and consumer methods exist for measuring body composition with varying degrees of accuracy. The Mayo Clinic"
https://www.heart.org/en/healthy-living/healthy-eating/losing-weight/bmi-in-adults,heart.org,2,1,B/C secondary,-,remove link + attribution; claim -> CLAIMS RULE,,"Explainer/industry page, not a primary source","Men with a BMI over 25 have a significantly higher risk of developing heart disease, hypertension, and stroke. Visceral fat -- common in men -- surrounds the heart and major blood vessels, contributin"
https://www.economist.com/letters/2013/01/05/body-mass-index,economist.com,2,1,A,not claim-verified,keep (spot-check claim later),,Government agency or primary study,"In January 2013, Nick Trefethen published a letter in The Economist arguing that the traditional BMI formula was mathematically flawed. His critique centered on what he called the ""height bias problem"
https://policies.google.com/privacy,policies.google.com,2,1,structural/resource,-,keep (not a citation),,,GA4 processing is performed by Google LLC and may involve transfer of data to servers outside the EEA. Google’s privacy notice is available at policies.google.com/privacy .
https://www.nih.gov/news-events/nih-research-matters/health-risks-belly-fat,nih.gov,1,1,A,not claim-verified,keep (spot-check claim later),,Government agency or primary study,"However, it's crucial to understand that BMI is a screening tool, not a diagnostic measure. As Harvard Health explains, BMI cannot distinguish between muscle mass and fat mass, which is why athletes a"
https://www.ffa.uni-lj.si/en/home,ffa.uni-lj.si,1,1,structural/resource,-,keep (not a citation),,,"Marko is a pharmacist by training. He holds a Master of Pharmacy (MPharm) from the Faculty of Pharmacy, University of Ljubljana , Slovenia, and a BSc in Physics from the University of Ljubljana. He bu"
https://www.linkedin.com/in/marko-visic,linkedin.com,1,1,structural/resource,-,keep (not a citation),,,Contact: info@calculatemybmi.net · LinkedIn
https://www.nia.nih.gov/,nia.nih.gov,1,1,-,-,remove (bare homepage link),,"Attribution must be a deep link, never a homepage","National Institute on Aging Comprehensive guide to maintaining a healthy weight as you age, including nutrition advice and exercise recommendations from the NIH. World Health Organization (WHO) Global"
https://www.mayoclinic.org/healthy-lifestyle/womens-health/in-depth/menopause-weight-gain/art-20046058,mayoclinic.org,1,1,B/C secondary,-,remove link + attribution; claim -> CLAIMS RULE,,"Explainer/industry page, not a primary source","Menopause is associated with changes in body composition and weight distribution. Declining estrogen is linked to fat redistribution from the hips and thighs to the abdomen, accelerated muscle loss , "
https://www.health.harvard.edu/staying-healthy/why-people-become-overweight,health.harvard.edu,1,1,B/C secondary,-,remove link + attribution; claim -> CLAIMS RULE,,"Explainer/industry page, not a primary source","The relationship between metabolism and BMI is complex. Many people blame a “slow metabolism” for weight gain, but diagnosed metabolic disorders account for only a small share of obesity cases — see t"
https://www.heart.org/en/healthy-living/,heart.org,1,1,B/C secondary,-,remove link + attribution; claim -> CLAIMS RULE,,"Explainer/industry page, not a primary source",American Heart Association. Healthy Living
https://www.health.harvard.edu/topics/obesity,health.harvard.edu,1,1,B/C secondary,-,remove link + attribution; claim -> CLAIMS RULE,,"Explainer/industry page, not a primary source","Class I obesity is the entry point into clinical obesity. At this level, health-risk associations with excess weight become substantially more consistent across populations. The Harvard Health obesity"
https://www.cdc.gov/obesity/adult-obesity-facts/index.html,cdc.gov,1,1,A,not claim-verified,keep (spot-check claim later),,Government agency or primary study,"Obesity and severe obesity: Emmerich SD, Fryar CD, Stierman B, Ogden CL. NCHS Data Brief No. 508, September 2024 , NHANES August 2021–August 2023. Overweight: Fryar CD, Afful J, Saif NT. NCHS Health E"
https://www.nih.gov/news-events/nih-research-matters/limitations-bmi,nih.gov,1,1,A,not claim-verified,keep (spot-check claim later),,Government agency or primary study,"While the standard BMI formula is the most widely used, several variations and alternatives exist. Research from the National Institutes of Health (NIH) has explored various alternatives to address so"
https://www.nhs.uk/live-well/healthy-weight/managing-your-weight/understanding-calories/,nhs.uk,1,1,B/C secondary,-,remove link + attribution; claim -> CLAIMS RULE,,"Explainer/industry page, not a primary source","If you fall into the overweight or obese category, the NHS (UK) recommends gradual, sustainable changes. For detailed strategies, see our guide on how to lower your BMI ."
https://www.cdc.gov/healthy-weight-growth/about/index.html,cdc.gov,1,1,A,not claim-verified,keep (spot-check claim later),,Government agency or primary study,"Before diving into strategies to lower your BMI, it's important to understand what BMI measures and its role in assessing health. Body Mass Index is a simple calculation based on your height and weigh"
https://pubmed.ncbi.nlm.nih.gov/22106927/,pubmed.ncbi.nlm.nih.gov,1,1,A,not claim-verified,keep (spot-check claim later),,Government agency or primary study,"A 2012 systematic review and meta-analysis by Ashwell and colleagues in Obesity Reviews pooled data from roughly 300,000 adults across multiple populations. They reported that WHtR discriminated diabe"
https://www.mayoclinic.org/healthy-lifestyle/weight-loss/in-depth/healthy-weight/art-20046942,mayoclinic.org,1,1,B/C secondary,-,remove link + attribution; claim -> CLAIMS RULE,,"Explainer/industry page, not a primary source","Today, these formulas persist in clinical practice primarily due to inertia and convenience. Modern medicine increasingly favors BMI ranges, body composition analysis, and metabolic health markers ove"
https://www.health.harvard.edu/,health.harvard.edu,1,1,-,-,remove (bare homepage link),,"Attribution must be a deep link, never a homepage",Harvard Health Publishing -- evidence-based health information from Harvard Medical School
https://pmc.ncbi.nlm.nih.gov/articles/PMC4890841/,pmc.ncbi.nlm.nih.gov,1,1,A,not claim-verified,keep (spot-check claim later),,Government agency or primary study,NIH PubMed Central -- Ideal Body Weight Equations -- peer-reviewed research comparing ideal weight formulas
https://www.nhs.uk/live-well/healthy-weight/childrens-weight/overweight-children-advice-for-parents/,nhs.uk,1,1,B/C secondary,-,remove link + attribution; claim -> CLAIMS RULE,,"Explainer/industry page, not a primary source","NHS: Overweight Children Practical advice for parents of overweight children from the UK's National Health Service, including tips on nutrition and activity. Visit NHS Guide →"
https://www.nhlbi.nih.gov/,nhlbi.nih.gov,1,1,-,-,remove (bare homepage link),,"Attribution must be a deep link, never a homepage","National Heart, Lung, and Blood Institute (NIH) -- Research and guidelines on cardiovascular health and body weight"
https://www.nsca.com/,nsca.com,1,1,-,-,remove (bare homepage link),,"Attribution must be a deep link, never a homepage",National Strength and Conditioning Association (NSCA) -- Evidence-based strength training and conditioning guidelines
https://www.health.harvard.edu/staying-healthy/preserve-your-muscle-mass,health.harvard.edu,1,1,B/C secondary,-,remove link + attribution; claim -> CLAIMS RULE,,"Explainer/industry page, not a primary source",Harvard Health - Muscle Mass and Health - Why body composition matters beyond BMI numbers
https://pubmed.ncbi.nlm.nih.gov/,pubmed.ncbi.nlm.nih.gov,1,1,-,-,remove (bare homepage link),,"Attribution must be a deep link, never a homepage",PubMed - Database of peer-reviewed medical research on BMI and body composition
https://tools.google.com/dlpage/gaoptout,tools.google.com,1,1,structural/resource,-,keep (not a citation),,,"Your browser settings let you view, delete, and block cookies. To opt out of Google Analytics collection specifically, you can install the Google Analytics Opt-out Browser Add-on . To manage advertisi"
