"# Average body weight of US adults 20+ (pregnant women excluded), measured, NHANES August 2021-August 2023 (DEMO_L, BMX_L), weighted with MEC exam weights; SE by Taylor linearisation. Calculated by calculatemybmi.net; CC BY 4.0. Heights rounded to nearest inch; cells with n<30 omitted."
table,sex,group,mean_weight_lb,se_lb,median_lb,p25_lb,p75_lb,n,healthy_range_lb
height,women,"4'9""",138.5,5.08,138.5,124.4,154.6,40,86-115
height,women,"4'10""",150.2,6.27,136.8,122.2,167.2,63,89-119
height,women,"4'11""",152.0,3.49,146.4,123.6,170.0,153,92-123
height,women,"5'0""",162.3,4.55,152.7,129.1,184.0,228,95-127
height,women,"5'1""",162.4,2.93,153.7,132.4,185.8,354,98-132
height,women,"5'2""",165.1,5.29,157.9,133.1,194.7,385,101-136
height,women,"5'3""",171.4,2.03,163.2,135.0,195.2,484,105-140
height,women,"5'4""",171.2,2.53,162.6,140.3,194.2,448,108-145
height,women,"5'5""",178.8,3.28,163.2,142.4,206.4,374,111-149
height,women,"5'6""",181.1,4.84,173.9,144.0,210.6,286,115-154
height,women,"5'7""",189.2,5.47,177.8,158.0,218.0,199,118-159
height,women,"5'8""",192.4,6.97,180.1,156.8,227.5,112,122-164
height,women,"5'9""",186.7,7.08,175.0,151.3,201.8,59,125-168
height,men,"5'2""",149.9,3.22,151.9,131.7,158.9,32,101-136
height,men,"5'3""",160.4,3.94,161.4,139.4,177.4,62,105-140
height,men,"5'4""",162.7,2.9,158.2,142.2,180.9,106,108-145
height,men,"5'5""",176.2,4.57,165.6,150.2,196.4,136,111-149
height,men,"5'6""",181.1,3.04,176.1,152.6,200.3,231,115-154
height,men,"5'7""",188.7,3.13,185.0,159.0,209.0,311,118-159
height,men,"5'8""",191.3,2.88,183.0,164.1,215.6,334,122-164
height,men,"5'9""",204.0,3.34,192.4,171.0,235.0,374,125-168
height,men,"5'10""",205.5,2.71,199.3,176.7,224.2,313,129-173
height,men,"5'11""",215.1,3.73,205.9,182.7,235.4,270,133-178
height,men,"6'0""",215.7,5.55,205.9,179.5,246.5,193,137-183
height,men,"6'1""",220.6,5.0,210.1,191.3,246.3,136,140-189
height,men,"6'2""",217.1,5.57,205.2,183.9,250.6,76,144-194
height,men,"6'3""",245.4,11.84,239.0,209.5,255.5,44,148-199
age,women,20–29,164.9,4.57,,,,337,
age,women,30–39,178.3,2.02,,,,491,
age,women,40–49,177.3,2.99,,,,442,
age,women,50–59,180.0,2.0,,,,506,
age,women,60–69,171.0,2.15,,,,810,
age,women,70–79,162.8,1.78,,,,494,
age,women,80+,149.7,1.84,,,,174,
overall,women,20+,171.8,1.68,162.1,138.0,196.9,3254,
age,men,20–29,191.3,3.96,,,,287,
age,men,30–39,201.5,2.47,,,,385,
age,men,40–49,210.2,4.43,,,,347,
age,men,50–59,203.0,3.33,,,,415,
age,men,60–69,196.7,2.48,,,,651,
age,men,70–79,193.4,3.21,,,,446,
age,men,80+,180.1,2.05,,,,157,
overall,men,20+,199.0,2.05,191.1,166.4,222.0,2688,
