"# Percent body fat (whole-body DXA, NHANES BCA option) of US residents, NHANES 2011-2018 pooled (weights WTMEC2YR/4), pregnant excluded. Calculated by calculatemybmi.net from CDC public-use files; CC BY 4.0."
sex,age_group,mean,se,p5,p10,p25,p50,p75,p90,p95,n
male,8-11,29.21,0.292,18.98,20.2,23.1,28.0,34.7,39.8,42.2,1420
male,12-15,26.09,0.284,15.6,16.7,19.1,24.2,32.3,38.7,41.47,1162
male,16-19,23.42,0.336,14.69,15.5,17.6,21.1,28.5,33.92,36.93,1029
male,20-29,25.41,0.271,15.1,16.39,20.0,24.8,30.4,35.1,37.44,1430
male,30-39,27.35,0.234,18.01,20.0,23.6,27.2,31.09,35.0,37.18,1370
male,40-49,28.07,0.178,19.4,21.97,24.7,28.0,31.47,34.3,36.86,1304
male,50-59,28.35,0.217,18.44,21.7,24.96,28.3,31.7,35.4,37.3,1298
male,20-39,26.32,0.202,15.8,17.67,21.6,26.17,30.8,35.0,37.3,2800
male,40-59,28.21,0.133,19.2,21.9,24.8,28.1,31.55,34.9,37.0,2602
male,20-59,27.24,0.133,16.6,19.2,23.3,27.3,31.2,35.0,37.19,5402
female,8-11,32.49,0.257,22.0,23.9,27.4,31.7,37.45,42.0,44.03,1370
female,12-15,33.46,0.354,23.46,25.4,28.32,33.1,38.3,42.45,44.69,1000
female,16-19,35.31,0.347,25.0,26.6,30.88,34.74,40.4,44.4,46.36,988
female,20-29,36.94,0.34,25.2,27.7,32.1,37.4,41.9,45.8,47.3,1308
female,30-39,38.19,0.252,26.6,29.2,34.2,38.9,42.8,46.2,47.7,1321
female,40-49,39.24,0.224,28.5,31.0,35.5,39.7,43.4,46.6,48.2,1452
female,50-59,40.34,0.226,30.5,32.4,36.9,41.1,44.4,47.2,48.7,1381
female,20-39,37.54,0.235,25.96,28.3,32.9,38.1,42.3,46.0,47.4,2629
female,40-59,39.79,0.17,29.1,31.8,36.1,40.3,44.0,46.8,48.5,2833
female,20-59,38.71,0.175,27.2,29.9,34.6,39.3,43.3,46.4,48.2,5462
