"# US childhood (ages 2-19) overweight, obesity and severe obesity, measured (NHANES). Source: NCHS Health E-Stat 112, https://www.cdc.gov/nchs/data/hestat/hestat112.htm (retrieved Oct 2026). Compiled by calculatemybmi.net; CC BY 4.0 for this compilation. Flags: * does not meet NCHS reliability standards; dagger = CDC refers to separate discussion."
table,survey_period,group,measure,percent,standard_error,flag
1,1971–1974,all 2-19,overweight,10.2,0.6,
1,1971–1974,all 2-19,obesity,5.2,0.3,
1,1971–1974,all 2-19,severe_obesity,1.0,0.1,
1,1971–1974,boys 2-19,overweight,10.3,0.8,
1,1971–1974,boys 2-19,obesity,5.3,0.5,
1,1971–1974,boys 2-19,severe_obesity,1.0,0.2,
1,1971–1974,girls 2-19,overweight,10.1,0.8,
1,1971–1974,girls 2-19,obesity,5.1,0.4,
1,1971–1974,girls 2-19,severe_obesity,1.0,0.2,
1,1976–1980,all 2-19,overweight,9.2,0.4,
1,1976–1980,all 2-19,obesity,5.5,0.4,
1,1976–1980,all 2-19,severe_obesity,1.3,0.2,
1,1976–1980,boys 2-19,overweight,9.4,0.6,
1,1976–1980,boys 2-19,obesity,5.4,0.4,
1,1976–1980,boys 2-19,severe_obesity,1.2,0.3,
1,1976–1980,girls 2-19,overweight,9.0,0.5,
1,1976–1980,girls 2-19,obesity,5.6,0.6,
1,1976–1980,girls 2-19,severe_obesity,1.3,0.3,
1,1988–1994,all 2-19,overweight,13.0,0.7,
1,1988–1994,all 2-19,obesity,10.0,0.5,
1,1988–1994,all 2-19,severe_obesity,2.6,0.4,
1,1988–1994,boys 2-19,overweight,12.6,0.9,
1,1988–1994,boys 2-19,obesity,10.2,0.7,
1,1988–1994,boys 2-19,severe_obesity,2.7,0.5,
1,1988–1994,girls 2-19,overweight,13.4,0.9,
1,1988–1994,girls 2-19,obesity,9.8,0.8,
1,1988–1994,girls 2-19,severe_obesity,2.6,0.4,
1,1999–2000,all 2-19,overweight,14.2,0.9,
1,1999–2000,all 2-19,obesity,13.9,0.9,
1,1999–2000,all 2-19,severe_obesity,3.6,0.5,
1,1999–2000,boys 2-19,overweight,15.0,1.9,
1,1999–2000,boys 2-19,obesity,14.0,1.2,
1,1999–2000,boys 2-19,severe_obesity,3.7,0.7,
1,1999–2000,girls 2-19,overweight,13.4,0.8,
1,1999–2000,girls 2-19,obesity,13.8,1.1,
1,1999–2000,girls 2-19,severe_obesity,3.6,0.6,
1,2001–2002,all 2-19,overweight,14.6,0.6,
1,2001–2002,all 2-19,obesity,15.4,0.9,
1,2001–2002,all 2-19,severe_obesity,5.2,0.5,
1,2001–2002,boys 2-19,overweight,14.2,0.7,
1,2001–2002,boys 2-19,obesity,16.4,1.0,
1,2001–2002,boys 2-19,severe_obesity,6.1,0.8,
1,2001–2002,girls 2-19,overweight,15.0,0.9,
1,2001–2002,girls 2-19,obesity,14.3,1.3,
1,2001–2002,girls 2-19,severe_obesity,4.2,0.6,
1,2003–2004,all 2-19,overweight,16.5,0.8,
1,2003–2004,all 2-19,obesity,17.1,1.3,
1,2003–2004,all 2-19,severe_obesity,5.1,0.6,
1,2003–2004,boys 2-19,overweight,16.6,1.0,
1,2003–2004,boys 2-19,obesity,18.2,1.5,
1,2003–2004,boys 2-19,severe_obesity,5.4,0.8,
1,2003–2004,girls 2-19,overweight,16.3,0.9,
1,2003–2004,girls 2-19,obesity,16.0,1.4,
1,2003–2004,girls 2-19,severe_obesity,4.7,0.7,
1,2005–2006,all 2-19,overweight,14.6,0.9,
1,2005–2006,all 2-19,obesity,15.4,1.4,
1,2005–2006,all 2-19,severe_obesity,4.7,0.6,
1,2005–2006,boys 2-19,overweight,14.7,1.2,
1,2005–2006,boys 2-19,obesity,15.9,1.5,
1,2005–2006,boys 2-19,severe_obesity,4.9,0.8,
1,2005–2006,girls 2-19,overweight,14.6,1.0,
1,2005–2006,girls 2-19,obesity,14.9,1.6,
1,2005–2006,girls 2-19,severe_obesity,4.5,0.7,
1,2007–2008,all 2-19,overweight,14.8,0.7,
1,2007–2008,all 2-19,obesity,16.8,1.3,
1,2007–2008,all 2-19,severe_obesity,4.9,0.6,
1,2007–2008,boys 2-19,overweight,14.3,0.7,
1,2007–2008,boys 2-19,obesity,17.7,1.4,
1,2007–2008,boys 2-19,severe_obesity,5.5,0.8,
1,2007–2008,girls 2-19,overweight,15.4,1.5,
1,2007–2008,girls 2-19,obesity,15.9,1.5,
1,2007–2008,girls 2-19,severe_obesity,4.3,0.8,
1,2009–2010,all 2-19,overweight,14.9,0.8,
1,2009–2010,all 2-19,obesity,16.9,0.7,
1,2009–2010,all 2-19,severe_obesity,5.6,0.6,
1,2009–2010,boys 2-19,overweight,14.4,1.0,
1,2009–2010,boys 2-19,obesity,18.6,1.1,
1,2009–2010,boys 2-19,severe_obesity,6.4,1.0,
1,2009–2010,girls 2-19,overweight,15.4,0.9,
1,2009–2010,girls 2-19,obesity,15.0,0.8,
1,2009–2010,girls 2-19,severe_obesity,4.7,0.6,
1,2011–2012,all 2-19,overweight,14.9,0.9,
1,2011–2012,all 2-19,obesity,16.9,1.0,
1,2011–2012,all 2-19,severe_obesity,5.6,0.7,
1,2011–2012,boys 2-19,overweight,15.4,1.3,
1,2011–2012,boys 2-19,obesity,16.7,1.4,
1,2011–2012,boys 2-19,severe_obesity,5.7,0.9,
1,2011–2012,girls 2-19,overweight,14.5,1.4,
1,2011–2012,girls 2-19,obesity,17.2,1.2,
1,2011–2012,girls 2-19,severe_obesity,5.5,0.8,
1,2013–2014,all 2-19,overweight,16.2,0.6,
1,2013–2014,all 2-19,obesity,17.2,1.1,
1,2013–2014,all 2-19,severe_obesity,6.0,0.6,
1,2013–2014,boys 2-19,overweight,16.4,0.8,
1,2013–2014,boys 2-19,obesity,17.2,1.3,
1,2013–2014,boys 2-19,severe_obesity,5.6,0.6,
1,2013–2014,girls 2-19,overweight,16.0,1.0,
1,2013–2014,girls 2-19,obesity,17.1,1.6,
1,2013–2014,girls 2-19,severe_obesity,6.3,0.9,
1,2015–2016,all 2-19,overweight,16.6,0.8,
1,2015–2016,all 2-19,obesity,18.5,1.3,
1,2015–2016,all 2-19,severe_obesity,5.6,0.8,
1,2015–2016,boys 2-19,overweight,15.7,1.0,
1,2015–2016,boys 2-19,obesity,19.1,1.7,
1,2015–2016,boys 2-19,severe_obesity,6.3,1.0,
1,2015–2016,girls 2-19,overweight,17.6,1.2,
1,2015–2016,girls 2-19,obesity,17.8,1.2,
1,2015–2016,girls 2-19,severe_obesity,4.9,0.9,
1,2017–2018,all 2-19,overweight,16.1,0.8,
1,2017–2018,all 2-19,obesity,19.3,1.0,
1,2017–2018,all 2-19,severe_obesity,6.1,0.7,
1,2017–2018,boys 2-19,overweight,14.7,1.2,
1,2017–2018,boys 2-19,obesity,20.5,1.1,
1,2017–2018,boys 2-19,severe_obesity,6.9,0.9,
1,2017–2018,girls 2-19,overweight,17.6,1.1,
1,2017–2018,girls 2-19,obesity,18.0,1.4,
1,2017–2018,girls 2-19,severe_obesity,5.2,0.7,
1,Aug 2021–Aug 2023,all 2-19,overweight,15.1,1.0,
1,Aug 2021–Aug 2023,all 2-19,obesity,21.1,1.1,
1,Aug 2021–Aug 2023,all 2-19,severe_obesity,7.0,0.6,
1,Aug 2021–Aug 2023,boys 2-19,overweight,13.0,0.9,
1,Aug 2021–Aug 2023,boys 2-19,obesity,23.0,1.4,
1,Aug 2021–Aug 2023,boys 2-19,severe_obesity,7.8,1.2,
1,Aug 2021–Aug 2023,girls 2-19,overweight,17.5,1.5,
1,Aug 2021–Aug 2023,girls 2-19,obesity,19.1,1.5,
1,Aug 2021–Aug 2023,girls 2-19,severe_obesity,6.3,0.8,
2,1963–1965,all 6-11,obesity,4.2,0.4,
2,1963–1965,boys 6-11,obesity,4.0,0.4,
2,1963–1965,girls 6-11,obesity,4.5,0.6,
2,1966–1970,all 12-19 (12-17),obesity,4.6,0.3,
2,1966–1970,boys 12-19 (12-17),obesity,4.5,0.4,
2,1966–1970,girls 12-19 (12-17),obesity,4.7,0.3,
2,1971–1974,all 2-5,obesity,5.0,0.6,
2,1971–1974,all 6-11,obesity,4.0,0.5,
2,1971–1974,all 12-19,obesity,6.1,0.6,
2,1971–1974,boys 2-5,obesity,5.0,0.8,
2,1971–1974,boys 6-11,obesity,4.3,0.8,
2,1971–1974,boys 12-19,obesity,6.1,0.8,
2,1971–1974,girls 2-5,obesity,4.9,0.8,
2,1971–1974,girls 6-11,obesity,3.6,0.6,
2,1971–1974,girls 12-19,obesity,6.2,0.8,
2,1976–1980,all 2-5,obesity,5.0,0.6,
2,1976–1980,all 6-11,obesity,6.5,0.6,
2,1976–1980,all 12-19,obesity,5.0,0.5,
2,1976–1980,boys 2-5,obesity,4.7,0.6,
2,1976–1980,boys 6-11,obesity,6.6,0.8,
2,1976–1980,boys 12-19,obesity,4.8,0.5,
2,1976–1980,girls 2-5,obesity,5.3,1.0,
2,1976–1980,girls 6-11,obesity,6.4,1.0,
2,1976–1980,girls 12-19,obesity,5.3,0.8,
2,1988–1994,all 2-5,obesity,7.2,0.7,
2,1988–1994,all 6-11,obesity,11.3,1.0,
2,1988–1994,all 12-19,obesity,10.5,0.9,
2,1988–1994,boys 2-5,obesity,6.2,0.8,
2,1988–1994,boys 6-11,obesity,11.6,1.3,
2,1988–1994,boys 12-19,obesity,11.3,1.3,
2,1988–1994,girls 2-5,obesity,8.2,1.0,
2,1988–1994,girls 6-11,obesity,11.0,1.4,
2,1988–1994,girls 12-19,obesity,9.7,1.1,
2,1999–2000,all 2-5,obesity,10.3,1.7,
2,1999–2000,all 6-11,obesity,15.1,1.4,
2,1999–2000,all 12-19,obesity,14.8,0.9,
2,1999–2000,boys 2-5,obesity,9.5,2.3,
2,1999–2000,boys 6-11,obesity,15.8,1.8,
2,1999–2000,boys 12-19,obesity,14.8,1.3,
2,1999–2000,girls 2-5,obesity,11.2,2.5,
2,1999–2000,girls 6-11,obesity,14.3,2.1,
2,1999–2000,girls 12-19,obesity,14.8,1.0,
2,2001–2002,all 2-5,obesity,10.6,1.8,
2,2001–2002,all 6-11,obesity,16.2,1.6,
2,2001–2002,all 12-19,obesity,16.7,1.1,
2,2001–2002,boys 2-5,obesity,10.7,2.4,
2,2001–2002,boys 6-11,obesity,17.5,1.9,
2,2001–2002,boys 12-19,obesity,17.6,1.3,
2,2001–2002,girls 2-5,obesity,10.5,1.8,
2,2001–2002,girls 6-11,obesity,14.8,2.3,
2,2001–2002,girls 12-19,obesity,15.7,1.9,
2,2003–2004,all 2-5,obesity,13.9,1.6,
2,2003–2004,all 6-11,obesity,18.8,1.3,
2,2003–2004,all 12-19,obesity,17.4,1.7,
2,2003–2004,boys 2-5,obesity,15.1,1.7,
2,2003–2004,boys 6-11,obesity,19.9,2.0,
2,2003–2004,boys 12-19,obesity,18.2,1.9,
2,2003–2004,girls 2-5,obesity,12.7,2.5,
2,2003–2004,girls 6-11,obesity,17.6,1.3,
2,2003–2004,girls 12-19,obesity,16.4,2.3,
2,2005–2006,all 2-5,obesity,10.7,1.1,
2,2005–2006,all 6-11,obesity,15.1,2.1,
2,2005–2006,all 12-19,obesity,17.8,1.8,
2,2005–2006,boys 2-5,obesity,10.4,1.7,
2,2005–2006,boys 6-11,obesity,16.2,2.5,
2,2005–2006,boys 12-19,obesity,18.2,2.4,
2,2005–2006,girls 2-5,obesity,11.0,1.2,
2,2005–2006,girls 6-11,obesity,14.1,2.4,
2,2005–2006,girls 12-19,obesity,17.3,2.1,
2,2007–2008,all 2-5,obesity,10.1,1.2,
2,2007–2008,all 6-11,obesity,19.6,1.2,
2,2007–2008,all 12-19,obesity,18.1,1.7,
2,2007–2008,boys 2-5,obesity,9.3,1.5,
2,2007–2008,boys 6-11,obesity,21.2,1.6,
2,2007–2008,boys 12-19,obesity,19.3,2.2,
2,2007–2008,girls 2-5,obesity,10.9,2.1,
2,2007–2008,girls 6-11,obesity,18.0,2.1,
2,2007–2008,girls 12-19,obesity,16.8,2.0,
2,2009–2010,all 2-5,obesity,12.1,1.2,
2,2009–2010,all 6-11,obesity,18.0,0.8,
2,2009–2010,all 12-19,obesity,18.4,1.3,
2,2009–2010,boys 2-5,obesity,14.4,1.8,
2,2009–2010,boys 6-11,obesity,20.1,1.0,
2,2009–2010,boys 12-19,obesity,19.6,2.3,
2,2009–2010,girls 2-5,obesity,9.6,1.7,
2,2009–2010,girls 6-11,obesity,15.7,1.0,
2,2009–2010,girls 12-19,obesity,17.1,1.3,
2,2011–2012,all 2-5,obesity,8.4,1.3,
2,2011–2012,all 6-11,obesity,17.7,1.6,
2,2011–2012,all 12-19,obesity,20.5,1.7,
2,2011–2012,boys 2-5,obesity,9.5,1.9,
2,2011–2012,boys 6-11,obesity,16.4,1.8,
2,2011–2012,boys 12-19,obesity,20.3,2.4,
2,2011–2012,girls 2-5,obesity,7.2,2.1,*
2,2011–2012,girls 6-11,obesity,19.1,1.7,
2,2011–2012,girls 12-19,obesity,20.7,2.0,
2,2013–2014,all 2-5,obesity,9.4,1.3,
2,2013–2014,all 6-11,obesity,17.4,1.7,
2,2013–2014,all 12-19,obesity,20.6,2.1,
2,2013–2014,boys 2-5,obesity,8.8,2.0,
2,2013–2014,boys 6-11,obesity,18.8,2.4,
2,2013–2014,boys 12-19,obesity,19.8,2.2,
2,2013–2014,girls 2-5,obesity,10.0,1.3,
2,2013–2014,girls 6-11,obesity,15.9,1.9,
2,2013–2014,girls 12-19,obesity,21.4,3.2,
2,2015–2016,all 2-5,obesity,13.9,1.1,
2,2015–2016,all 6-11,obesity,18.4,1.7,
2,2015–2016,all 12-19,obesity,20.6,2.0,
2,2015–2016,boys 2-5,obesity,14.3,1.2,
2,2015–2016,boys 6-11,obesity,20.4,2.1,
2,2015–2016,boys 12-19,obesity,20.2,2.6,
2,2015–2016,girls 2-5,obesity,13.5,1.7,
2,2015–2016,girls 6-11,obesity,16.3,1.8,
2,2015–2016,girls 12-19,obesity,20.9,2.0,
2,2017–2018,all 2-5,obesity,13.4,1.3,
2,2017–2018,all 6-11,obesity,20.3,1.8,
2,2017–2018,all 12-19,obesity,21.2,1.3,
2,2017–2018,boys 2-5,obesity,14.7,1.8,
2,2017–2018,boys 6-11,obesity,21.3,2.3,
2,2017–2018,boys 12-19,obesity,22.5,1.3,
2,2017–2018,girls 2-5,obesity,12.2,1.4,
2,2017–2018,girls 6-11,obesity,19.2,2.1,
2,2017–2018,girls 12-19,obesity,19.9,2.2,
2,Aug 2021–Aug 2023,all 2-5,obesity,14.9,1.3,
2,Aug 2021–Aug 2023,all 6-11,obesity,22.1,2.0,
2,Aug 2021–Aug 2023,all 12-19,obesity,22.9,1.7,
2,Aug 2021–Aug 2023,boys 2-5,obesity,14.6,2.2,
2,Aug 2021–Aug 2023,boys 6-11,obesity,23.7,3.5,
2,Aug 2021–Aug 2023,boys 12-19,obesity,26.0,1.8,
2,Aug 2021–Aug 2023,girls 2-5,obesity,15.2,1.9,
2,Aug 2021–Aug 2023,girls 6-11,obesity,20.4,2.1,
2,Aug 2021–Aug 2023,girls 12-19,obesity,19.6,2.2,
3,2017–2018,"boys Asian, non-Hispanic",obesity,12.4,,
3,2017–2018,"boys Black, non-Hispanic",obesity,19.4,,
3,2017–2018,boys Hispanic,obesity,28.1,,
3,2017–2018,boys Mexican American,obesity,29.2,,
3,2017–2018,"boys White, non-Hispanic",obesity,17.4,,
3,2017–2018,"girls Asian, non-Hispanic",obesity,5.1,,
3,2017–2018,"girls Black, non-Hispanic",obesity,29.1,,
3,2017–2018,girls Hispanic,obesity,23.0,,
3,2017–2018,girls Mexican American,obesity,24.9,,
3,2017–2018,"girls White, non-Hispanic",obesity,14.8,,
3,Aug 2021–Aug 2023,"boys Asian, non-Hispanic",obesity,14.2,,*
3,Aug 2021–Aug 2023,"boys Black, non-Hispanic",obesity,38.1,,†
3,Aug 2021–Aug 2023,boys Hispanic,obesity,29.8,,
3,Aug 2021–Aug 2023,boys Mexican American,obesity,31.4,,*
3,Aug 2021–Aug 2023,"boys White, non-Hispanic",obesity,18.7,,
3,Aug 2021–Aug 2023,"girls Asian, non-Hispanic",obesity,7.4,,*
3,Aug 2021–Aug 2023,"girls Black, non-Hispanic",obesity,29.9,,
3,Aug 2021–Aug 2023,girls Hispanic,obesity,23.1,,
3,Aug 2021–Aug 2023,girls Mexican American,obesity,23.1,,
3,Aug 2021–Aug 2023,"girls White, non-Hispanic",obesity,15.7,,
