"# Adult obesity prevalence by age group, 2025, by US state and territory. Source: CDC, Adult Obesity Prevalence Maps (BRFSS 2025), https://www.cdc.gov/obesity/data-and-statistics/adult-obesity-prevalence-maps.html (retrieved Oct 2026). CC BY 4.0 for this compilation."
state,abbr,age_group,prevalence_pct,ci95_low,ci95_high,status
Alabama,AL,18-39,38.1,34.4,42.0,ok
Alabama,AL,40-59,46.2,42.6,49.8,ok
Alabama,AL,60+,35.4,32.6,38.2,ok
Alaska,AK,18-39,29.9,26.5,33.4,ok
Alaska,AK,40-59,37.9,34.7,41.3,ok
Alaska,AK,60+,31.7,29.0,34.5,ok
Arizona,AZ,18-39,29.6,25.6,33.9,ok
Arizona,AZ,40-59,36.6,32.5,41.0,ok
Arizona,AZ,60+,31.3,28.5,34.2,ok
Arkansas,AR,18-39,32.8,29.4,36.5,ok
Arkansas,AR,40-59,44.3,40.9,47.7,ok
Arkansas,AR,60+,34.2,32.0,36.5,ok
California,CA,18-39,,,,insufficient data
California,CA,40-59,,,,insufficient data
California,CA,60+,,,,insufficient data
Colorado,CO,18-39,21.1,19.3,22.9,ok
Colorado,CO,40-59,29.5,27.5,31.5,ok
Colorado,CO,60+,27.4,25.7,29.2,ok
Connecticut,CT,18-39,27.8,25.2,30.6,ok
Connecticut,CT,40-59,34.9,32.3,37.6,ok
Connecticut,CT,60+,28.9,26.8,31.2,ok
Delaware,DE,18-39,33.4,28.8,38.3,ok
Delaware,DE,40-59,42.9,38.9,47.1,ok
Delaware,DE,60+,33.6,31.1,36.3,ok
District of Columbia,DC,18-39,17.7,14.6,21.3,ok
District of Columbia,DC,40-59,31.1,26.7,35.9,ok
District of Columbia,DC,60+,27.8,24.2,31.7,ok
Florida,FL,18-39,24.6,21.8,27.6,ok
Florida,FL,40-59,38.3,35.0,41.7,ok
Florida,FL,60+,27.8,25.8,30.0,ok
Georgia,GA,18-39,30.2,27.3,33.3,ok
Georgia,GA,40-59,44.4,41.2,47.7,ok
Georgia,GA,60+,34.6,32.0,37.2,ok
Guam,GU,18-39,35.7,28.5,43.5,ok
Guam,GU,40-59,39.0,30.1,48.6,ok
Guam,GU,60+,45.8,23.0,70.5,ok
Hawaii,HI,18-39,28.9,26.2,31.8,ok
Hawaii,HI,40-59,29.9,27.2,32.6,ok
Hawaii,HI,60+,21.2,19.4,23.0,ok
Idaho,ID,18-39,30.5,27.0,34.3,ok
Idaho,ID,40-59,36.8,33.0,40.8,ok
Idaho,ID,60+,30.8,27.7,34.0,ok
Illinois,IL,18-39,28.2,26.2,30.2,ok
Illinois,IL,40-59,39.4,37.3,41.5,ok
Illinois,IL,60+,34.0,32.2,35.9,ok
Indiana,IN,18-39,32.9,29.7,36.4,ok
Indiana,IN,40-59,47.3,44.1,50.6,ok
Indiana,IN,60+,33.4,31.2,35.8,ok
Iowa,IA,18-39,30.4,28.2,32.8,ok
Iowa,IA,40-59,44.6,42.3,46.9,ok
Iowa,IA,60+,37.0,35.1,38.8,ok
Kansas,KS,18-39,34.1,31.8,36.5,ok
Kansas,KS,40-59,43.2,40.7,45.7,ok
Kansas,KS,60+,35.5,33.7,37.4,ok
Kentucky,KY,18-39,35.3,32.1,38.6,ok
Kentucky,KY,40-59,46.0,42.9,49.1,ok
Kentucky,KY,60+,36.0,33.6,38.4,ok
Louisiana,LA,18-39,30.0,26.9,33.4,ok
Louisiana,LA,40-59,43.4,40.2,46.6,ok
Louisiana,LA,60+,34.4,32.0,36.8,ok
Maine,ME,18-39,29.2,26.6,32.0,ok
Maine,ME,40-59,38.1,35.9,40.4,ok
Maine,ME,60+,32.0,30.5,33.6,ok
Maryland,MD,18-39,30.2,27.8,32.8,ok
Maryland,MD,40-59,38.4,36.2,40.6,ok
Maryland,MD,60+,30.9,29.3,32.5,ok
Massachusetts,MA,18-39,23.2,21.1,25.4,ok
Massachusetts,MA,40-59,32.3,30.0,34.7,ok
Massachusetts,MA,60+,26.6,24.8,28.4,ok
Michigan,MI,18-39,30.6,28.1,33.2,ok
Michigan,MI,40-59,41.0,38.6,43.5,ok
Michigan,MI,60+,34.7,33.0,36.4,ok
Minnesota,MN,18-39,28.8,26.8,30.9,ok
Minnesota,MN,40-59,38.5,36.7,40.4,ok
Minnesota,MN,60+,32.5,31.1,33.9,ok
Mississippi,MS,18-39,,,,insufficient data
Mississippi,MS,40-59,,,,insufficient data
Mississippi,MS,60+,,,,insufficient data
Missouri,MO,18-39,33.4,30.4,36.5,ok
Missouri,MO,40-59,42.6,39.2,46.0,ok
Missouri,MO,60+,34.7,32.1,37.4,ok
Montana,MT,18-39,22.8,20.2,25.6,ok
Montana,MT,40-59,37.0,34.1,40.0,ok
Montana,MT,60+,31.9,29.9,34.1,ok
Nebraska,NE,18-39,29.3,26.6,32.3,ok
Nebraska,NE,40-59,43.3,40.2,46.4,ok
Nebraska,NE,60+,37.1,34.7,39.6,ok
Nevada,NV,18-39,,,,insufficient data
Nevada,NV,40-59,,,,insufficient data
Nevada,NV,60+,,,,insufficient data
New Hampshire,NH,18-39,27.3,23.1,32.1,ok
New Hampshire,NH,40-59,38.9,35.2,42.7,ok
New Hampshire,NH,60+,29.4,27.4,31.4,ok
New Jersey,NJ,18-39,23.7,20.9,26.7,ok
New Jersey,NJ,40-59,31.7,28.7,34.7,ok
New Jersey,NJ,60+,26.0,23.5,28.6,ok
New Mexico,NM,18-39,37.3,32.7,42.1,ok
New Mexico,NM,40-59,40.3,36.2,44.5,ok
New Mexico,NM,60+,28.6,25.5,32.0,ok
New York,NY,18-39,24.5,23.0,26.2,ok
New York,NY,40-59,33.8,31.9,35.7,ok
New York,NY,60+,28.1,26.5,29.8,ok
North Carolina,NC,18-39,27.8,24.4,31.5,ok
North Carolina,NC,40-59,40.9,37.2,44.7,ok
North Carolina,NC,60+,33.1,30.1,36.1,ok
North Dakota,ND,18-39,35.6,32.4,39.0,ok
North Dakota,ND,40-59,47.6,44.5,50.8,ok
North Dakota,ND,60+,35.5,33.3,37.7,ok
Ohio,OH,18-39,32.1,29.2,35.2,ok
Ohio,OH,40-59,41.4,38.5,44.3,ok
Ohio,OH,60+,35.1,33.1,37.2,ok
Oklahoma,OK,18-39,36.7,33.3,40.2,ok
Oklahoma,OK,40-59,41.5,38.4,44.8,ok
Oklahoma,OK,60+,36.2,33.6,38.8,ok
Oregon,OR,18-39,30.7,27.7,33.9,ok
Oregon,OR,40-59,36.1,33.2,39.1,ok
Oregon,OR,60+,31.5,29.2,34.0,ok
Pennsylvania,PA,18-39,27.8,23.5,32.5,ok
Pennsylvania,PA,40-59,40.8,36.4,45.2,ok
Pennsylvania,PA,60+,32.9,29.3,36.7,ok
Puerto Rico,PR,18-39,32.1,28.0,36.4,ok
Puerto Rico,PR,40-59,45.7,41.9,49.5,ok
Puerto Rico,PR,60+,31.0,25.7,36.7,ok
Rhode Island,RI,18-39,28.7,25.5,32.1,ok
Rhode Island,RI,40-59,33.4,30.4,36.5,ok
Rhode Island,RI,60+,32.1,29.7,34.7,ok
South Carolina,SC,18-39,29.6,24.1,35.8,ok
South Carolina,SC,40-59,46.9,41.5,52.4,ok
South Carolina,SC,60+,34.2,30.6,38.0,ok
South Dakota,SD,18-39,26.0,21.5,31.0,ok
South Dakota,SD,40-59,43.9,38.9,49.1,ok
South Dakota,SD,60+,35.0,31.6,38.5,ok
Tennessee,TN,18-39,35.6,32.5,38.7,ok
Tennessee,TN,40-59,46.0,42.7,49.4,ok
Tennessee,TN,60+,32.7,30.1,35.5,ok
Texas,TX,18-39,32.2,29.3,35.2,ok
Texas,TX,40-59,43.6,40.1,47.2,ok
Texas,TX,60+,33.0,30.1,36.2,ok
Utah,UT,18-39,25.2,23.4,27.2,ok
Utah,UT,40-59,36.4,34.3,38.5,ok
Utah,UT,60+,29.2,27.4,31.1,ok
Vermont,VT,18-39,24.4,21.4,27.7,ok
Vermont,VT,40-59,35.5,32.8,38.3,ok
Vermont,VT,60+,28.2,26.2,30.3,ok
Virgin Islands,VI,18-39,,,,insufficient data
Virgin Islands,VI,40-59,,,,insufficient data
Virgin Islands,VI,60+,,,,insufficient data
Virginia,VA,18-39,29.8,26.2,33.5,ok
Virginia,VA,40-59,40.1,36.4,44.0,ok
Virginia,VA,60+,33.7,30.6,36.9,ok
Washington,WA,18-39,27.4,25.9,29.0,ok
Washington,WA,40-59,36.2,34.6,37.8,ok
Washington,WA,60+,30.0,28.7,31.4,ok
West Virginia,WV,18-39,32.3,28.7,36.0,ok
West Virginia,WV,40-59,45.3,41.9,48.7,ok
West Virginia,WV,60+,36.0,33.7,38.3,ok
Wisconsin,WI,18-39,31.3,28.7,34.0,ok
Wisconsin,WI,40-59,42.9,40.5,45.3,ok
Wisconsin,WI,60+,36.3,34.7,38.0,ok
Wyoming,WY,18-39,29.9,26.2,33.8,ok
Wyoming,WY,40-59,36.8,33.5,40.3,ok
Wyoming,WY,60+,31.6,29.5,33.8,ok
