State,Prevalence,95% CI
Alabama,35.4,"(32.6, 38.2)"
Alaska,31.7,"(29.0, 34.5)"
Arizona,31.3,"(28.5, 34.2)"
Arkansas,34.2,"(32.0, 36.5)"
California,Insufficient data*,Insufficient data*
Colorado,27.4,"(25.7, 29.2)"
Connecticut,28.9,"(26.8, 31.2)"
Delaware,33.6,"(31.1, 36.3)"
District of Columbia,27.8,"(24.2, 31.7)"
Florida,27.8,"(25.8, 30.0)"
Georgia,34.6,"(32.0, 37.2)"
Guam,45.8,"(23.0, 70.5)"
Hawaii,21.2,"(19.4, 23.0)"
Idaho,30.8,"(27.7, 34.0)"
Illinois,34,"(32.2, 35.9)"
Indiana,33.4,"(31.2, 35.8)"
Iowa,37,"(35.1, 38.8)"
Kansas,35.5,"(33.7, 37.4)"
Kentucky,36,"(33.6, 38.4)"
Louisiana,34.4,"(32.0, 36.8)"
Maine,32,"(30.5, 33.6)"
Maryland,30.9,"(29.3, 32.5)"
Massachusetts,26.6,"(24.8, 28.4)"
Michigan,34.7,"(33.0, 36.4)"
Minnesota,32.5,"(31.1, 33.9)"
Mississippi,Insufficient data*,Insufficient data*
Missouri,34.7,"(32.1, 37.4)"
Montana,31.9,"(29.9, 34.1)"
Nebraska,37.1,"(34.7, 39.6)"
Nevada,Insufficient data*,Insufficient data*
New Hampshire,29.4,"(27.4, 31.4)"
New Jersey,26,"(23.5, 28.6)"
New Mexico,28.6,"(25.5, 32.0)"
New York,28.1,"(26.5, 29.8)"
North Carolina,33.1,"(30.1, 36.1)"
North Dakota,35.5,"(33.3, 37.7)"
Ohio,35.1,"(33.1, 37.2)"
Oklahoma,36.2,"(33.6, 38.8)"
Oregon,31.5,"(29.2, 34.0)"
Pennsylvania,32.9,"(29.3, 36.7)"
Puerto Rico,31,"(25.7, 36.7)"
Rhode Island,32.1,"(29.7, 34.7)"
South Carolina,34.2,"(30.6, 38.0)"
South Dakota,35,"(31.6, 38.5)"
Tennessee,32.7,"(30.1, 35.5)"
Texas,33,"(30.1, 36.2)"
Utah,29.2,"(27.4, 31.1)"
Vermont,28.2,"(26.2, 30.3)"
Virgin Islands,Insufficient data*,Insufficient data*
Virginia,33.7,"(30.6, 36.9)"
Washington,30,"(28.7, 31.4)"
West Virginia,36,"(33.7, 38.3)"
Wisconsin,36.3,"(34.7, 38.0)"
Wyoming,31.6,"(29.5, 33.8)"
